{"cameraMode":{"drawMode":0,"name":"Shaded","section":"Shading Mode"},"sceneLighting":false,"audioPlay":false,"sceneViewState":{"m_AlwaysRefresh":false,"showFog":true,"showSkybox":false,"showFlares":true,"showImageEffects":true,"showParticleSystems":true,"showVisualEffectGraphs":true,"m_FxEnabled":true},"in2DMode":false,"pivot":{"x":0.4621007442474365,"y":0.3343687057495117,"z":0.0397661030292511},"rotation":{"x":0.03985977545380592,"y":0.36903175711631777,"z":-0.015829185023903848,"w":0.9284725785255432},"size":1.199772596359253,"orthographic":false}