{"cameraMode":{"drawMode":0,"name":"Shaded","section":"Shading Mode"},"sceneLighting":false,"audioPlay":false,"sceneViewState":{"m_AlwaysRefresh":false,"showFog":true,"showSkybox":false,"showFlares":true,"showImageEffects":true,"showParticleSystems":true,"showVisualEffectGraphs":true,"m_FxEnabled":true},"in2DMode":false,"pivot":{"x":-0.10618209093809128,"y":0.2788194417953491,"z":0.21928191184997559},"rotation":{"x":-0.4478854835033417,"y":-0.01320897787809372,"z":0.0065162223763763908,"w":-0.8940890431404114},"size":0.3783416748046875,"orthographic":false}