{"cameraMode":{"drawMode":0,"name":"Shaded","section":"Shading Mode"},"sceneLighting":true,"audioPlay":false,"sceneViewState":{"m_AlwaysRefresh":false,"showFog":true,"showSkybox":false,"showFlares":true,"showImageEffects":true,"showParticleSystems":true,"showVisualEffectGraphs":true,"m_FxEnabled":true},"in2DMode":false,"pivot":{"x":-2.4578537940979006,"y":0.29456520080566409,"z":-17.545085906982423},"rotation":{"x":-0.239138662815094,"y":-0.7484374046325684,"z":0.35131898522377016,"w":-0.5093417167663574},"size":0.20464807748794557,"orthographic":false}