{"cameraMode":{"drawMode":0,"name":"Shaded","section":"Shading Mode"},"sceneLighting":true,"audioPlay":false,"sceneViewState":{"m_AlwaysRefresh":false,"showFog":true,"showSkybox":false,"showFlares":true,"showImageEffects":true,"showParticleSystems":true,"showVisualEffectGraphs":true,"m_FxEnabled":true},"in2DMode":false,"pivot":{"x":-0.44065576791763308,"y":0.2188035547733307,"z":0.7348360419273377},"rotation":{"x":-0.1348377913236618,"y":-0.850983202457428,"z":0.26397663354873659,"w":-0.4338745176792145},"size":0.29670587182044985,"orthographic":false}