{"cameraMode":{"drawMode":0,"name":"Shaded","section":"Shading Mode"},"sceneLighting":true,"audioPlay":false,"sceneViewState":{"m_AlwaysRefresh":false,"showFog":true,"showSkybox":false,"showFlares":true,"showImageEffects":true,"showParticleSystems":true,"showVisualEffectGraphs":true,"m_FxEnabled":true},"in2DMode":false,"pivot":{"x":5.837008476257324,"y":-1.3463634252548218,"z":-5.132447719573975},"rotation":{"x":-0.6667509078979492,"y":0.013584043830633164,"z":-0.012222967110574246,"w":-0.7451953291893005},"size":1.8302381038665772,"orthographic":false}