{"cameraMode":{"drawMode":0,"name":"Shaded","section":"Shading Mode"},"sceneLighting":true,"audioPlay":false,"sceneViewState":{"m_AlwaysRefresh":false,"showFog":true,"showSkybox":false,"showFlares":true,"showImageEffects":true,"showParticleSystems":true,"showVisualEffectGraphs":true,"m_FxEnabled":true},"in2DMode":false,"pivot":{"x":0.1462000012397766,"y":0.28850001096725466,"z":-1.4901161193847657e-8},"rotation":{"x":-0.32629063725471499,"y":-0.016769951209425927,"z":0.0057370890863239769,"w":-0.9451979398727417},"size":3.3264455795288088,"orthographic":false}