{"cameraMode":{"drawMode":0,"name":"Shaded","section":"Shading Mode"},"sceneLighting":true,"audioPlay":false,"sceneViewState":{"m_AlwaysRefresh":false,"showFog":true,"showSkybox":false,"showFlares":true,"showImageEffects":true,"showParticleSystems":true,"showVisualEffectGraphs":true,"m_FxEnabled":true},"in2DMode":false,"pivot":{"x":-2.441145420074463,"y":0.06148001551628113,"z":-17.697166442871095},"rotation":{"x":-0.6186169981956482,"y":-0.006885141599923372,"z":0.00537097966298461,"w":-0.7858281135559082},"size":0.17320814728736878,"orthographic":false}